AECI,1505
AESO,1555
AT,1337
AVA,718
AZPS,1089
BANC,803
BCHYDRO,1066
BE,756
BPA,624
CAISO_ESCONDIDO,890
CAISO_LONGBEACH,890
CAISO_NORTH,890
CAISO_PALMSPRINGS,890
CAISO_REDDING,890
CAISO_SANBERNARDINO,890
CAISO_SANDIEGO,890
CHPD,775
CPLE,1932
CPLW,1282
CZ,1478
DE,1571
DK,1586
DOPD,699
DUK,1320
EE,2354
ELE,1024
ERCOT_AUSTIN,1185
ERCOT_COAST,1185
ERCOT_EASTTX,1185
ERCOT_HIDALGO,1185
ERCOT_NORTHCENTRAL,1185
ERCOT_PANHANDLE,1185
ERCOT_SANANTONIO,1185
ERCOT_SECOAST,1185
ERCOT_SOUTHTX,1185
ERCOT_WESTTX,1185
ES,777
FI,1273
FMPP,985
FPC,1143
FPL,1078
FR,645
GCPD,699
GR,874
GVL,1582
HQ,976
HST,1078
HU,1041
IE,843
IESO_NORTH,1030
IESO_SOUTH,1030
IESO_WEST,1030
IID,890
IPCO,1396
ISONE_CT,637
ISONE_ME,637
ISONE_NEMA,637
ISONE_NH,637
ISONE_RI,637
ISONE_SEMA,637
ISONE_VT,637
ISONE_WCMA,637
IT,889
JEA,1062
LDWP,1193
LGEE,1532
LT,961
LV,1611
MISO_BEAUMONT,1545
MISO_DETROIT,1545
MISO_EAU_CLAIRE,1545
MISO_GRAND_RAPIDS,1545
MISO_INDIANAPOLIS,1545
MISO_LAFAYETTE,1545
MISO_LOWER_MS_RIVER,1545
MISO_MADISON,1545
MISO_MASON_CITY,1545
MISO_MINNEAPOLIS,1545
MISO_NEW_ORLEANS,1545
MISO_N_DAKOTA,1545
MISO_SAINT_LOUIS,1545
MISO_SPRINGFIELD,1545
MISO_UPPER_PENINSULA,1545
MISO_WORTHINGTON,1545
MPCO,786
NEM_NSW,1771
NEM_QLD,1504
NEM_SA,1289
NEM_TAS,1692
NEM_VIC,1692
NEVP,1009
NL,850
NO,1301
NYISO_CAPITAL,851
NYISO_CENTRAL,851
NYISO_HUDSON,851
NYISO_LONG,851
NYISO_MOHAWK,851
NYISO_NORTH,851
NYISO_NYC,851
NYISO_WEST,851
PACE,1816
PACW,1290
PGE,733
PJM_CHICAGO,1393
PJM_DC,1393
PJM_EASTERN_KY,1393
PJM_EASTERN_OH,1393
PJM_NJ,1393
PJM_ROANOKE,1393
PJM_SOUTHWEST_OH,1393
PJM_WESTERN_KY,1393
PL,2122
PNM,1241
PSCO,1366
PSEI,960
PT,701
RO,1241
RS,1257
SC,1651
SCEG,598
SCL,699
SE,1343
SEC,1326
SI,1239
SK,1408
SOCO,1391
SPA,1545
SPP_FORTPECK,1488
SPP_KANSAS,1488
SPP_KC,1488
SPP_MEMPHIS,1488
SPP_ND,1488
SPP_OKCTY,1488
SPP_SIOUX,1488
SPP_SPRINGFIELD,1488
SPP_SWOK,1488
SPP_TX,1488
SPP_WESTNE,1488
SRP,826
TAL,926
TEC,1114
TEPC,997
TID,898
TPWR,699
TVA,653
UK,981
WACM,2003
WALC,1122
WAUW,1488
WEM,1476
